"0","# Filter the data based on PSIVariableIdentifier == 1100"
"0","filtered_data <- result_time_complete_Q7 %>% filter(PSIVariableIdentifier == 1100)%>%"
"0","filter(IsFinalAnswer == 1)"
"0",""
"0","# Group by idstud and create the new column SQ01F07_final_pos"
"0","result <- filtered_data %>%"
"0","  group_by(idstud) %>%"
"0","  summarise(SQ01F07_final_pos = information)"
"0",""
"0","# Merge the result back to the original data frame"
"0","result_Final_pos_Q7 <- merge(result_seq_Q7, result, by = ""idstud"", all.x = TRUE)"
"0",""
"0","result_Final_pos_Q7"
