"0","# Filter the data based on PSIVariableIdentifier == 1110"
"0","filtered_data <- result_time_complete_Q8 %>% filter(PSIVariableIdentifier == 1110)%>%"
"0","filter(IsFinalAnswer == 1)"
"0",""
"0","# Group by idstud and create the new column SQ01F08_A_final_pos"
"0","result <- filtered_data %>%"
"0","  group_by(idstud) %>%"
"0","  summarise(SQ01F08_A_final_pos = information)"
"0",""
"0","# Merge the result back to the original data frame"
"0","result_Final_choice_Q9 <- merge(result_seq_Q8, result, by = ""idstud"", all.x = TRUE)"
