"0","df_filtered <- df_temp%>%"
"0","filter(eventname %in% c(""Nav:GoTo"", ""Response""))%>%"
"0","  filter(cond_res == 1) %>%"
"0","  filter(PSIVariableIdentifier %in% c(8036,8037,8038,8040,8041,8042,8044,8045,8046))%>%"
"0","  mutate(SQ02P07_sequence_list = list(information[order(row_number())]))"
"0",""
"0","# Convert the list column to a new column with the desired format, and then drop the list column"
"0","df_filtered$SQ02P07_revise_sequence <- sapply(df_filtered$SQ02P07_sequence_list, function(x) paste0(""("", toString(x), "")""))"
"0",""
"0","df_filtered%>%"
"0","  select(idstud, currentindex, eventname, information, cond_temp, cond_res, SQ02P07_revise_sequence)"
