"0","# create a new dataframe to merge"
"0","df_filtered_merge = df_filtered[c(""idstud"",""RowNumber"",""SQ01F07_slider_seq_time"")]"
"0",""
"0","# merge the data"
"0","result_seqtime_Q7 <- merge(result_Final_pos_Q7, df_filtered_merge, by = c(""idstud"",""RowNumber""), all = TRUE)"
"0",""
"0","# fill the missing value of the column SQ01F07_sequence based on the student name"
"0","result_seqtime_Q7=result_seqtime_Q7%>%"
"0","  group_by(idstud) %>%"
"0","  fill(SQ01F07_slider_seq_time, .direction = ""downup"")"
"0","result_seqtime_Q7"
