"0","df_filtered <- result_time_complete_Q6 %>% filter(PSIVariableIdentifier %in% c(1080, 1081, 1082, 1083, 1084, 1085))%>%"
"0","filter(IsFinalAnswer == 1)%>%"
"0","  filter(information == 1)%>%"
"0","  group_by(idstud) %>%"
"0","    mutate(SQ01F06_sequence_list = list(information_use[order(row_number())]))"
"0",""
"0","# Convert the list column to a new column with the desired format, and then drop the list column"
"0","df_filtered$SQ01F06_final_answer <- sapply(df_filtered$SQ01F06_sequence_list, function(x) paste0(""("", toString(x), "")""))"
"0",""
"0","df_filtered"
