"0","# Filter data and arrange by idstud and information"
"0","df_filtered <- result_time_complete_Q2 %>%"
"0","  filter(PSIVariableIdentifier == 8004)%>%"
"0","  group_by(idstud) %>%"
"0","  mutate(SQ02P02_sequence_list = list(information[order(row_number())]))"
"0",""
"0","# Convert the list column to a new column with the desired format, and then drop the list column"
"0","df_filtered$SQ02P02_choice_sequence <- sapply(df_filtered$SQ02P02_sequence_list, function(x) paste0(""("", toString(x), "")""))"
"0",""
"0","# df_filtered"
