"0","# Filter data and create a list to record all the steps needed."
"0","df_filtered <- result_str_use_Q3 %>%"
"0","  group_by(idstud) %>%"
"0","  mutate(SQ01F03_allsteps_list = list(SQ01F03_time[order(row_number())]))"
"0",""
"0","# Convert the list column to a new column with the desired format, and then drop the list column"
"0","df_filtered$SQ01F03_allsteps_seq_time <- sapply(df_filtered$SQ01F03_allsteps_list, function(x) paste0(""("", toString(x), "")""))"
"0",""
"0","# filter the data and select column to merge"
"0","df_filtered <- select(df_filtered, -SQ01F03_allsteps_list)"
"0","df_filtered_merge = df_filtered[c(""idstud"",""RowNumber"",""SQ01F03_allsteps_seq_time"")]"
"0",""
"0","# merge the data"
"0","result_alls_time_Q3 <- merge(result_allsteps_Q3, df_filtered_merge, by = c(""idstud"",""RowNumber""), all = TRUE)"
"0",""
"0","result_alls_time_Q3=result_alls_time_Q3%>%"
"0","  group_by(idstud) %>%"
"0","  fill(SQ01F03_allsteps_seq_time, .direction = ""downup"")"
"0","result_alls_time_Q3"
