"0","```r
# Filter data and create a list to record all the steps needed.
df_filtered <- result_str_use_Q3 %>%
  group_by(idstud) %>%
  mutate(SQ01F03_allsteps_list = list(SQ01F03_time[order(row_number())]))

# Convert the list column to a new column with the desired format, and then drop the list column
df_filtered$SQ01F03_allsteps_seq_time <- sapply(df_filtered$SQ01F03_allsteps_list, function(x) paste0(\"(\", toString(x), \")\"))

# filter the data and select column to merge
df_filtered <- select(df_filtered, -SQ01F03_allsteps_list)
df_filtered_merge = df_filtered[c(\"idstud\",\"RowNumber\",\"SQ01F03_allsteps_seq_time\")]

# merge the data
result_alls_time_Q3 <- merge(result_allsteps_Q3, df_filtered_merge, by = c(\"idstud\",\"RowNumber\"), all = TRUE)

result_alls_time_Q3=result_alls_time_Q3%>%
  group_by(idstud) %>%
  fill(SQ01F03_allsteps_seq_time, .direction = \"downup\")
result_alls_time_Q3
```"
